{
  "query_relevance_score": 0.4011262072043648,
  "query_relevance_percentage": 40.11262072043648,
  "exact_match_rate": 0.0,
  "success_rate": 1.0,
  "avg_semantic_similarity": 0.4011262072043648,
  "avg_keyword_match_score": 0.25,
  "semantic_similarity_std": 0.08051207147711335,
  "avg_precision_at_k": null,
  "avg_recall_at_k": null,
  "avg_mrr": null,
  "avg_latency_seconds": 1.3626278638839722,
  "median_latency_seconds": 1.1870200634002686,
  "p95_latency_seconds": 2.3114975094795227,
  "throughput_queries_per_second": 0.7206980538983161,
  "total_queries": 6,
  "total_time_seconds": 8.32526183128357
}