{
  "query_relevance_score": 0.7158124616287558,
  "query_relevance_percentage": 71.58124616287557,
  "exact_match_rate": 0.0,
  "success_rate": 1.0,
  "avg_semantic_similarity": 0.7158124616287558,
  "avg_keyword_match_score": 0.7777777777777777,
  "semantic_similarity_std": 0.1252185126007637,
  "avg_precision_at_k": null,
  "avg_recall_at_k": null,
  "avg_mrr": null,
  "avg_latency_seconds": 1.8084843158721924,
  "median_latency_seconds": 1.61525297164917,
  "p95_latency_seconds": 2.8754869461059567,
  "throughput_queries_per_second": 0.5343666220629006,
  "total_queries": 3,
  "total_time_seconds": 5.614123106002808
}